borough,actual,forecast,naive,centre,samp_sd,origin_wave,target_wave,covid,lo_samp,hi_samp,cov_samp,lo_cal,hi_cal,cov_cal
E09000002,47.47515106201172,53.08322577752751,53.636887,52.89975557850661,1.7452700617739865,3,4,0,50.0287863268884,55.77072483012481,False,46.555957210446344,59.24355394656687,True
E09000003,57.06564712524414,60.49458396859032,64.49054,59.90075475864238,1.8896186267676045,3,4,0,56.79233211760967,63.00917739967509,True,53.44601970550878,66.35548981177598,True
E09000004,59.21923065185547,64.6796984094102,69.48865,64.43167690568512,1.3783794121854034,3,4,0,62.16424277264014,66.69911103873011,False,58.33720639229642,70.52614741907382,True
E09000005,56.3033447265625,56.545660078117464,59.756905,56.23008883029287,2.26297983538977,3,4,0,52.5074870010767,59.952690659509045,True,49.45815574809615,63.002021912489596,True
E09000006,66.0758285522461,65.82363879524799,63.89605,65.99351483199524,2.072974519302173,3,4,0,62.58347174774317,69.40355791624732,True,59.388236100002,72.59879356398848,True
E09000007,67.45159149169922,71.61030255617227,70.65628,71.24270846244158,1.7379037660876795,3,4,0,68.38385676722736,74.10156015765581,False,64.90438484289547,77.5810320819877,True
E09000008,58.75108337402344,64.41167480184399,62.971138,64.56539286301076,1.7461563447252804,3,4,0,61.69296567593767,67.43782005008384,False,58.22093455391112,70.9098511721104,True
E09000009,58.3292121887207,59.882317575113554,64.86085,59.9868306555007,2.5145029229868556,3,4,0,55.85047334718732,64.12318796381408,True,52.978923330706486,66.9947379802949,True
E09000010,65.47926330566406,57.07633210257567,59.697277,56.79742957192077,2.0061590125278363,3,4,0,53.49729799631248,60.09756114752906,False,50.2482172752248,63.34664186861674,False
E09000011,60.768497467041016,64.16609776162063,64.71715,64.47859391430816,1.9112863942595557,3,4,0,61.33452779575119,67.62266003286513,False,58.00661855521379,70.95056927340254,True
E09000012,66.7467269897461,69.33377487939019,69.84072,69.43992851276654,2.1582861080058238,3,4,0,65.88954786509696,72.99030916043613,True,62.761117538183306,76.11873948734979,True
E09000013,72.57707214355469,68.39729895378672,67.11597,68.21201479734941,1.4203672399052103,3,4,0,65.87551068770534,70.54851890699348,False,62.091511162414584,74.33251843228425,True
E09000014,67.7137451171875,65.57304080620925,65.22834,65.52685933320234,1.7767473168107477,3,4,0,62.60410999704866,68.44960866935602,True,59.15945978763795,71.89425887876673,True
E09000015,61.25044250488281,56.26222051023605,57.721817,56.354623416872144,1.8566686576027487,3,4,0,53.30040347511562,59.408843358628665,False,49.92581538244694,62.783431451297346,True
E09000016,59.9879035949707,59.01273179930369,60.961403,58.94836242361278,2.2673637907085413,3,4,0,55.21854898789723,62.67817585932833,True,52.172462368556545,65.72426247866902,True
E09000017,56.5147705078125,58.390420889969946,55.73551,58.77151974060322,1.768232258860371,3,4,0,55.86277767477791,61.680261806428526,True,52.410537607601384,65.13250187360505,True
E09000018,62.831825256347656,57.912638597181456,59.981285,58.508459081244986,1.9760256261844558,3,4,0,55.257896926171554,61.75902123631842,False,51.98408419817286,65.03283396431712,True
E09000019,74.78775787353516,72.65819284473706,75.603645,72.190257669105,1.6239617788026885,3,4,0,69.51884054297457,74.86167479523542,True,65.93423794785653,78.44627739035346,True
E09000020,68.65461730957031,66.73220834122631,72.13545,66.57104335991144,2.0444736082561628,3,4,0,63.207884274330056,69.93420244549283,True,59.9898464835222,73.15224023630068,True
E09000021,69.56523895263672,65.75196156680884,67.873024,64.94774964025292,1.7943763572418148,3,4,0,61.99600053259014,67.89949874791571,False,58.56698666977244,71.3285126107334,True
E09000022,72.0252685546875,68.87004830411381,70.84124,68.32557516228606,1.6587026359357715,3,4,0,65.59700932617172,71.0541409984004,False,62.04493946095158,74.60621086362053,True
E09000023,69.49073791503906,66.80189007165002,68.55087,66.15580747671274,1.8727048256821883,3,4,0,63.07520803846554,69.23640691495994,False,59.71442515691555,72.59718979650992,True
E09000024,66.37623596191406,67.78763908744203,68.8382,67.57962636144205,1.7166869320671105,3,4,0,64.75567635819165,70.40357636469246,True,61.256968145808,73.9022845770761,True
E09000025,55.05093765258789,57.736686357938595,51.11548,57.06279248018691,1.779950554396855,3,4,0,54.13477381820408,59.99081114216973,True,50.692972500329816,63.432612460044,True
E09000026,58.24721908569336,57.46020237925889,57.550125,57.50959397394065,1.546271185593505,3,4,0,54.96597787363934,60.05321007424197,True,51.30707060384531,63.712117344035995,True
E09000027,73.42809295654297,70.79557734275538,73.072716,70.79239122164113,1.75903707830018,3,4,0,67.89877522783733,73.68600721544492,True,64.4383116808686,77.14647076241366,True
E09000028,69.01016235351562,70.09351730490884,72.643456,69.89009232910138,1.792527442242796,3,4,0,66.94138468661198,72.83879997159077,True,63.5107357744211,76.26944888378165,True
E09000029,68.10374450683594,57.57409382769728,54.191685,57.563771739723265,1.750585577272342,3,4,0,54.68405846511026,60.44348501433627,False,51.216011360278465,63.911532119168065,False
E09000030,67.34980010986328,66.5674659340454,66.41702,65.72345048832025,1.849981385934682,3,4,0,62.680231108457704,68.7666698681828,True,59.29986134479326,72.14703963184725,True
E09000031,66.09874725341797,62.547489515786914,61.07023,62.433183296477296,1.8222656038809464,3,4,0,59.43555637809314,65.43081021486145,False,56.03106798724644,68.83529860570816,True
E09000032,79.07360076904297,71.00178087254817,73.822075,70.64148167737258,1.7094847318894424,3,4,0,67.82937929341445,73.45358406133072,False,64.32410618522951,76.95885716951565,False
E09000033,69.69541931152344,68.04489495634667,69.0653,67.54088546548671,1.7981995714764683,3,4,0,64.58284717040792,70.4989237605655,True,61.15721067379975,73.92456025717367,True
E09000002,51.80702209472656,51.208093376927884,47.47515,51.11722288738173,1.3774303588678247,4,5,1,48.851349947044156,53.3830958277193,True,45.02333303995087,57.21111273481259,True
E09000003,60.547821044921875,59.58330753951302,57.065647,59.649948825102456,1.5829268771037117,4,5,1,57.04603411226685,62.25386353793806,True,53.422454535856694,65.87744311434822,True
E09000004,51.67815017700195,62.089829764585275,59.21923,62.471038428945555,1.5373260831813056,4,5,1,59.942137022112306,64.9999398357788,False,56.27453492968486,68.66754192820625,False
E09000005,56.058589935302734,56.847384345017886,56.303345,56.5576444585249,1.583904003089406,4,5,1,53.952122373442826,59.16316654360697,True,50.329477904335995,62.7858110127138,True
E09000006,69.4453353881836,67.01338927727595,66.07583,66.87940388396014,1.708646431936632,4,5,1,64.06868050342437,69.6901272644959,True,60.5626421176152,73.19616565030508,True
E09000007,64.22218322753906,68.69911060459175,67.45159,68.42679593700932,1.8814063314796514,4,5,1,65.33188252172529,71.52170935229334,False,61.9785556856716,74.87503618834702,True
E09000008,58.57530975341797,61.13667122584337,58.751083,60.787312386687475,1.8487115951198212,4,5,1,57.74618181271537,63.82844296065958,True,54.364712565834964,67.20991220753999,True
E09000009,58.21678161621094,60.35428464893568,58.329212,59.961149655576605,1.9220526560162,4,5,1,56.799373036429955,63.122926274723255,True,53.48055209977596,66.44174721137725,True
E09000010,57.229000091552734,60.598714152014836,65.47926,60.445720679772606,1.5376149799853744,4,5,1,57.91634403769667,62.975097321848544,False,54.24902321351316,66.64241814603204,True
E09000011,63.35349655151367,62.965437034900205,60.768497,63.20536161961907,1.5129872298178766,4,5,1,60.71649762656866,65.69422561266947,True,57.02509000206295,69.38563323717518,True
E09000012,71.73430633544922,69.00325713344992,66.74673,69.09271675984331,1.5354780813950626,4,5,1,66.56685531594843,71.6185782037382,False,62.89745330098851,75.28798021869811,True
E09000013,74.47175598144531,71.38519266460307,72.57707,72.01239621433464,1.6385795821723301,4,5,1,69.31693280166115,74.70785962700813,True,65.74607063231066,78.27872179635862,True
E09000014,66.9899673461914,66.06519354890207,67.713745,65.6883926213858,1.7676601596605235,4,5,1,62.78059165874424,68.59619358402736,True,59.32784077982315,72.04894446294846,True
E09000015,53.688716888427734,57.57225311609923,61.250443,57.95788720658286,1.559910255826113,4,5,1,55.3918348357489,60.52393957741682,False,51.74612915746911,64.16964525569661,True
E09000016,52.47527313232422,59.59419119670715,59.987904,59.99256240917587,1.748939180207278,4,5,1,57.115557457734894,62.86956736061684,False,53.646030223684114,66.33909459466761,False
E09000017,58.13908386230469,57.70560981437058,56.51477,57.69591519465395,2.1326392264351077,4,5,1,54.1877236671682,61.2041067221397,True,51.03943556316782,64.35239482614007,True
E09000018,55.435829162597656,58.58066287519678,62.831825,58.37516622674708,1.7971668277530997,4,5,1,55.41882679509323,61.331505658400935,True,51.99227846915505,64.75805398433911,True
E09000019,72.62734985351562,72.05128336851065,74.78776,72.24617451253351,1.3725741619898568,4,5,1,69.9882900160602,74.50405900900682,True,66.15525047013392,78.3370985549331,True
E09000020,71.32174682617188,67.17466052292953,68.65462,67.37822832476851,1.5436941907222796,4,5,1,64.83885138103037,69.91760526850666,False,61.17744220095681,73.57901444858021,True
E09000021,67.49772644042969,66.00698582501087,69.56524,66.26392905014991,1.7697878549543578,4,5,1,63.35262802874999,69.17523007154983,True,59.90177635408303,72.62608174621678,True
E09000022,73.9909896850586,71.31912875783956,72.02527,71.35810093497587,1.2427724518738048,4,5,1,69.31374025164345,73.40246161830828,False,65.34305946426079,77.37314240569094,True
E09000023,66.57389068603516,68.8398079282455,69.49074,69.19451832864952,1.3994476647908225,4,5,1,66.89242692006862,71.49660973723043,False,63.08706893104262,75.30196772625642,True
E09000024,61.394508361816406,67.13226622144674,66.376236,67.50678838069828,1.2746048053535082,4,5,1,65.41006347589176,69.6035132855048,False,61.47374863134284,73.53982813005372,False
E09000025,50.23212432861328,57.65112618351563,55.050938,57.388491185990006,1.7176552159472582,4,5,1,54.56294835575677,60.214034016223245,False,51.0651213900387,63.711860981941314,False
E09000026,52.1306037902832,58.672936714777585,58.24722,58.76094100966477,1.1857087408824831,4,5,1,56.81045013091308,60.711431888416456,False,52.77715224676878,64.74472977256076,False
E09000027,71.9942855834961,70.91684240533834,73.42809,70.91799016328491,1.458125778926824,4,5,1,68.51937325695029,73.31660706961954,True,64.77350675503804,77.06247357153178,True
E09000028,68.9953384399414,68.71496848300428,69.01016,68.62723113517661,1.7040741170323677,4,5,1,65.82402921265837,71.43043305769486,True,62.313812543852514,74.94064972650072,True
E09000029,62.63064193725586,61.59697270709347,68.103745,62.17465604778837,1.6634646345696196,4,5,1,59.43825672392134,64.9110553716554,True,55.89061319700141,68.45869889857534,True
E09000030,61.677391052246094,66.53143384037129,67.3498,66.19675149124107,2.026167111686771,4,5,1,62.86370659251634,69.52979638996581,False,59.630892705995855,72.7626102764863,True
E09000031,61.95744323730469,64.34569554524717,66.09875,64.3720655670414,1.6387903238504318,4,5,1,61.67625548430744,67.06787564977536,True,58.10559085688443,70.63854027719837,True
E09000032,71.24659729003906,74.85302093099445,79.0736,74.78098107108744,1.3412512851730118,4,5,1,72.57462270697783,76.98733943519704,False,68.70896900573848,80.8529931364364,True
E09000033,61.74304962158203,69.20411406579481,69.69542,69.39052696844496,1.4924948848312645,4,5,1,66.93537288289752,71.8456810539924,False,63.22375351106491,75.557300425825,False
E09000002,50.31465148925781,51.4012442114096,51.807022,51.305525940284745,1.7337308312943123,5,6,1,48.453538722805604,54.15751315776389,True,44.97029552777951,57.64075635278998,True
E09000003,62.6378059387207,61.03211427765026,60.54782,61.221872726652904,1.1929038720506429,5,6,1,59.259545857129595,63.184199596176214,True,55.234215419014134,67.20953003429167,True
E09000004,54.49216842651367,59.151875491215755,51.67815,59.14363515633387,1.551221092484991,5,6,1,56.59187645919606,61.695393853471685,False,52.937768114631695,65.34950219803605,True
E09000005,54.12129592895508,54.27078682960522,56.05859,54.18114845158342,1.6936261462737523,5,6,1,51.39513344096309,56.96716346220374,True,47.8753421644962,60.48695473867063,True
E09000006,67.2420425415039,66.60066117038592,69.445335,66.72146482829245,1.3873974165144298,5,6,1,64.43919607812622,69.0037335784587,True,60.621459587405184,72.82147006917972,True
E09000007,68.8153305053711,68.72490888364459,64.22218,68.74821361738637,1.8158653193447722,5,6,1,65.76111516706422,71.73531206770852,True,62.351021229878874,75.14540600489386,True
E09000008,57.68427276611328,62.10810902787637,58.57531,61.75821297612559,1.527842180475015,5,6,1,59.244912589244194,64.27151336300699,False,55.56806014072927,67.94836581152191,True
E09000009,58.82556915283203,58.344848024457974,58.21678,58.293691629813736,1.793561677784841,5,6,1,55.34328266985767,61.2441005897698,True,51.91354850274708,64.6738347568804,True
E09000010,58.706485748291016,61.00337356232293,57.229,60.859777287833694,1.4607147324908818,5,6,1,58.456901552886194,63.262653022781194,True,54.71363011350844,67.00592446215894,True
E09000011,65.5340805053711,64.15633889896036,63.353497,63.86590325526621,1.224210576694421,5,6,1,61.85207685660389,65.87972965392854,True,57.86117095025743,69.87063556027499,True
E09000012,68.41667938232422,70.45676277863699,71.73431,70.53827378812647,1.4481679088056731,5,6,1,68.15603757814114,72.92050999811181,True,64.40016637207125,76.6763812041817,True
E09000013,73.36970520019531,72.99665249298167,74.471756,72.72881588145785,1.4901303189038273,5,6,1,70.27755150686106,75.18008025605464,True,66.56358998737787,78.89404177553783,True
E09000014,64.65753173828125,65.02987879343864,66.98997,64.87570362151749,1.7136172797028582,5,6,1,62.056803196406285,67.69460404662868,True,58.55529913307223,71.19610810996275,True
E09000015,58.47798156738281,56.40770859931013,53.688717,56.308109136094195,1.6607884998938496,5,6,1,53.57611205376881,59.04010621841958,True,50.0259820004258,62.59023627176259,True
E09000016,53.420936584472656,57.748804948101736,52.475273,57.39174838495851,1.2232923526718746,5,6,1,55.37943246481328,59.404064305103745,False,51.387522485366055,63.39597428455097,True
E09000017,54.20035171508789,56.5746084796028,58.139084,56.62283773205572,1.6985640399690995,5,6,1,53.82869988630655,59.41697557780489,True,50.3134384268988,62.932237037212644,True
E09000018,53.70500564575195,56.464393024997236,55.43583,56.42803962434764,1.6814912681117231,5,6,1,53.66198648830385,59.19409276039143,True,50.13102737707636,62.72505187161892,True
E09000019,72.7602767944336,73.86889702745337,72.62735,73.72028772377077,1.5431459818971736,5,6,1,71.18181258354991,76.25876286399162,True,67.51987085646368,79.92070459107785,True
E09000020,66.77879333496094,69.14265487030059,71.32175,68.84566596197057,1.7171676014604573,5,6,1,66.02092525756811,71.67040666637303,True,62.52265454825519,75.16867737568595,True
E09000021,66.45835876464844,66.99927823470354,67.49773,67.38050938903099,1.5688292452370205,5,6,1,64.79978528061609,69.96123349744589,True,61.16267614789138,73.5983426301706,True
E09000022,71.7225341796875,72.40277103772581,73.99099,72.50442065870057,1.5871886781311089,5,6,1,69.8934952831749,75.11534603422623,True,66.27399173225973,78.7348495851414,True
E09000023,68.04320526123047,68.18622779527638,66.57389,68.48533566860922,1.12136756243567,5,6,1,66.64068602840254,70.3299853088159,True,62.535205788851854,74.4354655483666,True
E09000024,66.36222839355469,66.07638785704412,61.39451,65.90798543614615,1.5395829348075005,5,6,1,63.37537150838781,68.44059936390448,True,59.70996586551374,72.10600500677856,True
E09000025,56.020050048828125,55.73478964000752,50.232124,55.58301531495541,1.7984312746379314,5,6,1,52.624595868176016,58.541434761734806,True,49.19916389798545,61.96686673192537,True
E09000026,52.76636505126953,56.61537236625955,52.130604,57.02024487768715,1.5267678608684283,5,6,1,54.50871174655858,59.531778008815714,False,50.83080936549193,63.209680389882365,True
E09000027,72.23714447021484,71.11176037771104,71.994286,70.75170388199558,1.266483772361168,5,6,1,68.66833807646147,72.8350696875297,True,64.72329394482843,76.78011381916274,True
E09000028,70.50284576416016,70.9443048060266,68.99534,71.34077660069829,1.4649795081675456,5,6,1,68.93088530976267,73.75066789163391,True,65.1918832592104,77.48966994218618,True
E09000029,57.2406120300293,61.19352947673428,62.630642,61.106773615258206,1.6854970734444839,5,6,1,58.33413092944203,63.87941630107438,False,54.80686403225015,67.40668319826626,True
E09000030,59.0601921081543,65.4081526804027,61.67739,65.41611133482724,1.677438465219408,5,6,1,62.65672505954131,68.17549761011315,False,59.122024752399,71.71019791725547,False
E09000031,57.8258171081543,64.63051462305222,61.957443,64.97906219820693,1.6688510894585438,5,6,1,62.23380215604763,67.72432224036623,False,58.69115587018778,71.2669685262261,False
E09000032,74.44503021240234,73.07058091189822,71.2466,73.35118756030838,1.4575944066030746,5,6,1,70.95344476144632,75.74893035917043,True,67.20704532396962,79.49532979664713,True
E09000033,63.47019577026367,65.57615030912952,61.74305,65.83208316594107,1.458619113727607,5,6,1,63.43265472385916,68.23151160802298,True,59.68728291373283,71.97688341814931,True
E09000002,51.915950775146484,52.40057457489373,50.31465,52.421037408619824,1.099853516103111,6,7,0,50.611778374630205,54.23029644260944,True,46.481783958653246,58.3602908585864,True
E09000003,63.744754791259766,60.64976645273223,62.637806,60.49035677627579,1.387732590051118,6,7,0,58.2075366656417,62.77317688690988,False,54.390145226798,66.59056832575358,True
E09000004,60.09042739868164,59.33880509851146,54.49217,59.37807353019883,1.501308967684432,6,7,0,56.908420278357944,61.84772678203972,True,53.20551324493672,65.55063381546096,True
E09000005,57.525516510009766,55.280481159926275,54.121296,55.33536679179842,1.6683612886775177,6,7,0,52.59091247192391,58.079821111672935,True,49.04781219523667,61.62292138836017,True
E09000006,69.99305725097656,67.38174312596362,67.24204,67.49306387238265,1.3145048372406976,6,7,0,65.3307034151217,69.6554243296436,False,61.43690039721187,73.54922734755343,True
E09000007,71.0798568725586,69.97541423404951,68.81533,70.0061962088923,1.2199062197144226,6,7,0,67.99945047746208,72.01294194032253,True,64.00383486343165,76.00855755435296,True
E09000008,59.92057800292969,61.27069970646672,57.684273,61.20221325932611,1.2549660719582125,6,7,0,59.13779407095485,63.26663244769737,True,55.18032486147429,67.22410165717793,True
E09000009,64.22046661376953,60.420544846198595,58.82557,60.10618963115004,1.3866950896431016,6,7,0,57.825076208687136,62.38730305361294,False,54.00661655289225,66.20576270940784,True
E09000010,57.96626281738281,61.188615362046534,58.706486,61.10533150175816,1.3374163793071718,6,7,0,58.90528155779786,63.30538144571845,False,55.03560885185178,67.17505415166454,True
E09000011,59.9182014465332,63.447307969959276,65.53408,63.53614197293054,1.194482772999786,6,7,0,61.57121781134589,65.50106613451518,False,57.547632955516775,69.5246509903443,True
E09000012,69.972900390625,69.48282555988527,68.41668,69.56195071202276,1.399670514130333,6,7,0,67.25949271627837,71.86440870776715,True,63.454363126647166,75.66953829739836,True
E09000013,72.97427368164062,72.03692509151863,73.369705,72.2094362362298,1.1719922321228025,6,7,0,70.2815090143878,74.13736345807182,True,66.23296431179259,78.18590816066703,True
E09000014,66.13387298583984,66.49169149578488,64.65753,65.93326674668683,1.5397448622083858,6,7,0,63.400386448354034,68.46614704501962,True,59.73513832783737,72.13139516553629,True
E09000015,59.748313903808594,58.1737429082419,58.47798,58.09902051856078,1.567247828730011,6,7,0,55.52089784029991,60.677143196821646,True,51.882266555677106,64.31577448144445,True
E09000016,55.303924560546875,55.41288571553447,53.420937,55.087293779263504,1.4363651222529141,6,7,0,52.72447315315746,57.45011440536955,True,48.95669555380304,61.21789200472397,True
E09000017,60.850650787353516,56.81855667078699,54.20035,56.87205861152952,1.1117781264839024,6,7,0,55.043183593463496,58.70093362959554,False,50.92680023845835,62.81731698460069,True
E09000018,59.384639739990234,55.94362208532601,53.705006,55.86885775124065,1.5321778656999034,6,7,0,53.348425162164304,58.38929034031699,False,49.67580569858156,62.06190980389973,True
E09000019,70.36968231201172,73.54548790468591,72.76028,73.33606184365226,1.2456817290241684,6,7,0,71.2869153994075,75.38520828789702,False,67.31939213019551,79.35273155710901,True
E09000020,62.36250305175781,69.56838097130601,66.77879,69.56665276472869,1.1604882203191467,6,7,0,67.6576496423037,71.47565588715368,False,63.5962586226058,75.53704690685157,False
E09000021,70.95011901855469,67.66458058544202,66.45836,67.44561306108835,1.4382125294967465,6,7,0,65.0797534500662,69.8114726721105,False,61.31384292596972,73.57738319620698,True
E09000022,69.00801086425781,72.25095708275451,71.722534,72.15609242088762,0.9029937830572909,6,7,0,70.67066764775838,73.64151719401686,False,66.30734896203315,78.00483587974209,True
E09000023,69.62886810302734,67.32631178526742,68.043205,67.43622894770792,1.4649211070711754,6,7,0,65.02643372657583,69.84602416884,True,61.287373257528,73.58508463788783,True
E09000024,63.68129348754883,65.97459817898435,66.36223,65.95197880093056,1.4442631435779485,6,7,0,63.57616592974484,68.32779167211629,True,59.816361465261835,72.08759613659929,True
E09000025,61.13593673706055,58.05041863773575,56.02005,58.23687481226409,1.493672020711875,6,7,0,55.77978433819305,60.69396528633513,False,52.06933017208211,64.40441945244606,True
E09000026,60.239707946777344,56.565376251272326,52.766365,56.492340871840256,1.3731594520725372,6,7,0,54.23349357318093,58.75118817049958,False,50.40105985636187,62.58362188731864,True
E09000027,71.81072998046875,70.57209277892561,72.237144,70.54536983546731,1.1967643015138802,6,7,0,68.57669255947698,72.51404711145764,True,64.55562831284152,76.5351113580931,True
E09000028,65.766845703125,70.64160221546058,70.502846,70.7030230398331,1.5193644200737397,6,7,0,68.20366856881179,73.2023775108544,False,64.51851933600358,76.88752674366262,True
E09000029,58.89665603637695,59.74419954312309,57.240612,59.868546022390454,1.4240955164359836,6,7,0,57.52590889785326,62.211183146927645,True,53.74569848320358,65.99139356157733,True
E09000030,66.743896484375,65.06415172680445,59.060192,64.36653461540378,1.3883431105014428,6,7,0,62.0827101986289,66.65035903217866,False,58.26594716356573,70.46712206724183,True
E09000031,61.81232452392578,62.63773303375683,57.825817,62.647792054828344,1.2562076934800808,6,7,0,60.58133039905361,64.71425371060307,True,56.62520315422637,68.67038095543032,True
E09000032,72.68624877929688,73.54832722634355,74.44503,73.38043338415125,1.2665530059478396,6,7,0,71.29695368936704,75.46391307893545,True,67.35198408690698,79.40888268139551,True
E09000033,70.35221099853516,67.18348527461859,63.470196,67.05034484125653,1.3315469785907494,6,7,0,64.85995006147475,69.24073962103832,False,60.98411515699942,73.11657452551364,True
E09000002,48.81450271606445,51.80927039780234,51.91595,51.80651170232485,1.4760272460426926,7,8,0,49.37844688258462,54.234576522065076,False,45.65047303612667,57.962550368523026,True
E09000003,71.00749969482422,61.52432355882943,63.744755,61.86408327753908,1.2139530582535278,7,8,0,59.86713049671203,63.86103605836613,False,55.86498887090405,67.86317768417412,False
E09000004,61.188621520996094,59.413304888174615,60.090427,59.148699337708045,1.2849798498068403,7,8,0,57.03490748477579,61.2624911906403,True,53.10970693099071,65.18769174442538,True
E09000005,59.602535247802734,57.301362060901816,57.525517,57.09145697400199,1.1225222930791812,7,8,0,55.24490780188674,58.938006146117246,False,51.14073793039841,63.04217601760558,True
E09000006,63.871341705322266,67.59446836824223,69.99306,67.46288081586042,1.0866209916197016,7,8,0,65.675389284646,69.25037234707483,False,61.53022211465148,73.39553951706935,True
E09000007,73.6617660522461,68.38776724279967,71.07986,68.45512690613876,1.339356941603351,7,8,0,66.25188473720125,70.65836907507627,False,62.38424646374399,74.52600734853353,True
E09000008,62.726444244384766,61.54175128454826,59.920578,61.08578718653621,1.2981027120099156,7,8,0,58.9504082252799,63.221166147792516,True,55.03920496192015,67.13236941115227,True
E09000009,66.51812744140625,60.347110632812964,64.22047,60.59806453808528,1.1818976154694547,7,8,0,58.65384296063803,62.542286115532534,False,54.616316396189106,66.57981267998146,True
E09000010,57.052757263183594,57.44820194232536,57.966263,57.652264865399516,1.2305829358057787,7,8,0,55.62795593599901,59.67657379480002,True,51.64400888445817,63.660520846340866,True
E09000011,59.336463928222656,63.1241093015087,59.9182,62.983704034546975,1.395885113503808,7,8,0,60.68747302283321,65.27993504626073,False,56.87846119334706,69.0889468757469,True
E09000012,66.31151580810547,68.57993188686659,69.9729,68.52793455368551,1.4125624483170713,7,8,0,66.20426932620393,70.8515997811671,True,62.412320653162205,74.64354845420881,True
E09000013,72.48780059814453,72.82086835179635,72.97427,72.91823038348026,1.0187249232773286,7,8,0,71.24242788468906,74.59403288227146,True,67.0182619678172,78.81819879914333,True
E09000014,66.50465393066406,65.86542779481613,66.13387,65.64592788203599,1.220375176591304,7,8,0,63.6384107165433,67.65344504752869,True,59.643308582045805,71.64854718202618,True
E09000015,57.803977966308594,57.854873399596606,59.748314,57.63634287287039,1.252453475285455,7,8,0,55.57605690602581,59.69662883971496,True,51.615870170827506,63.65681557491327,True
E09000016,60.135414123535156,56.16380187746761,55.303925,56.396600492504035,1.392149819831214,7,8,0,54.106514038881684,58.686686946126386,False,50.293666013425025,62.499534971583046,True
E09000017,56.46079635620117,57.855188248912505,60.85065,57.619765376297224,1.2059342268683402,7,8,0,55.636003573098805,59.60352717949564,True,51.62504902081418,63.614481731780266,True
E09000018,55.70671463012695,57.221569340930316,59.38464,57.15627637234779,1.0608352623458603,7,8,0,55.41120236578885,58.90135037890673,True,51.23625976939518,63.0762929753004,True
E09000019,73.81552124023438,70.83210110665549,70.36968,71.23416430578159,0.9979864391688499,7,8,0,69.59247661334884,72.87585199821434,False,65.34379489713224,77.12453371443094,True
E09000020,67.40534973144531,67.03165587732327,62.362503,66.80253168540054,1.5968253351230066,7,8,0,64.1757540091232,69.42930936167788,True,60.56544308161625,73.03962028918482,True
E09000021,66.84416198730469,66.94084151271763,70.95012,66.58427046509789,1.2076359842410362,7,8,0,64.59770927102139,68.57083165917439,True,60.58862715777235,72.57991377242342,True
E09000022,69.60009002685547,70.11749082580671,69.00801,69.95320288429102,1.4043243940379824,7,8,0,67.64308925609853,72.2633165124835,True,63.842725139791206,76.06368062879082,True
E09000023,68.00715637207031,66.29545270455995,69.62887,66.3667478424976,1.3755591233209998,7,8,0,64.10395308463455,68.62954260036065,True,60.274001876426205,72.45949380856901,True
E09000024,64.42334747314453,65.89309694270776,63.681293,65.95359983227395,1.6472502681611596,7,8,0,63.243873141148846,68.66332652339906,True,59.681125676770186,72.22607398777771,True
E09000025,55.5557975769043,56.45369938957029,61.135937,56.533444625632036,1.411412497222981,7,8,0,54.21167106770023,58.85521818356384,True,50.4185492262668,62.648340024997275,True
E09000026,57.521141052246094,56.716108834657796,60.239708,56.84601210060585,1.1845336584842612,7,8,0,54.89745423239924,58.79456996881245,True,50.86285314762652,62.82917105358518,True
E09000027,73.81405639648438,70.05559605851629,71.81073,70.11682337248692,1.1220128044831978,7,8,0,68.27111230911206,71.96253443586178,False,64.1663643464679,76.06728239850594,True
E09000028,70.65645599365234,68.21148678656188,65.766846,67.31414339065708,1.2505262123479954,7,8,0,65.25702777134462,69.37125900996953,False,61.29475488665719,73.33353189465697,True
E09000029,69.29328155517578,59.81962349005751,58.896656,59.76631219413118,1.3146819240493086,7,8,0,57.60366042907007,61.928963959192295,False,53.71004470104695,65.82257968721541,False
E09000030,64.67198944091797,64.33384180418236,66.7439,64.15873732224128,1.5992086755998254,7,8,0,61.52803905087956,66.78943559360299,True,57.91999652895516,70.3974781155274,True
E09000031,56.57239532470703,61.038066263774404,61.812325,60.998355210214434,1.4033823474206246,7,8,0,58.68979124870751,63.30691917172136,False,54.888463160821466,67.1082472596074,True
E09000032,78.31977844238281,73.42155667163257,72.68625,73.40460079746748,0.957266918452097,7,8,0,71.82989671661377,74.97930487832119,False,67.53254781464076,79.2766537802942,True
E09000033,67.74213409423828,67.96197078964946,70.35221,68.18540796010161,1.1185007980752544,7,8,0,66.34547414726782,70.0253417729354,True,62.23673838392948,74.13407753627375,True
