Feature,Category,Cluster,Percentage
Age_4Band,16–24,Cluster 0,12.6
Age_4Band,25–44,Cluster 0,60.4
Age_4Band,45–64,Cluster 0,0.0
Age_4Band,65+,Cluster 0,25.2
Age_4Band,Missing,Cluster 0,1.8
Age_4Band,16–24,Cluster 1,0.0
Age_4Band,25–44,Cluster 1,0.0
Age_4Band,45–64,Cluster 1,100.0
Age_4Band,65+,Cluster 1,0.0
Age_4Band,Missing,Cluster 1,0.0
Age_4Band,16–24,Cluster 2,9.1
Age_4Band,25–44,Cluster 2,60.3
Age_4Band,45–64,Cluster 2,0.0
Age_4Band,65+,Cluster 2,29.6
Age_4Band,Missing,Cluster 2,0.9
Age_4Band,16–24,Cluster 3,10.1
Age_4Band,25–44,Cluster 3,3.5
Age_4Band,45–64,Cluster 3,65.9
Age_4Band,65+,Cluster 3,20.1
Age_4Band,Missing,Cluster 3,0.5
Gend3,Female,Cluster 0,98.8
Gend3,Male,Cluster 0,0.0
Gend3,Missing,Cluster 0,0.5
Gend3,Other,Cluster 0,0.7
Gend3,Female,Cluster 1,65.6
Gend3,Male,Cluster 1,34.1
Gend3,Missing,Cluster 1,0.1
Gend3,Other,Cluster 1,0.2
Gend3,Female,Cluster 2,0.0
Gend3,Male,Cluster 2,100.0
Gend3,Missing,Cluster 2,0.0
Gend3,Other,Cluster 2,0.0
Gend3,Female,Cluster 3,15.4
Gend3,Male,Cluster 3,84.1
Gend3,Missing,Cluster 3,0.2
Gend3,Other,Cluster 3,0.4
Eth7,Black,Cluster 0,6.8
Eth7,Chinese,Cluster 0,2.4
Eth7,Missing,Cluster 0,7.0
Eth7,Mixed,Cluster 0,3.7
Eth7,Other ethnic group,Cluster 0,2.9
Eth7,South Asian,Cluster 0,13.3
Eth7,White British,Cluster 0,46.3
Eth7,White Other,Cluster 0,17.6
Eth7,Black,Cluster 1,7.5
Eth7,Chinese,Cluster 1,1.5
Eth7,Missing,Cluster 1,6.1
Eth7,Mixed,Cluster 1,2.4
Eth7,Other ethnic group,Cluster 1,2.7
Eth7,South Asian,Cluster 1,10.0
Eth7,White British,Cluster 1,55.6
Eth7,White Other,Cluster 1,14.2
Eth7,Black,Cluster 2,4.3
Eth7,Chinese,Cluster 2,2.1
Eth7,Missing,Cluster 2,7.1
Eth7,Mixed,Cluster 2,2.8
Eth7,Other ethnic group,Cluster 2,2.5
Eth7,South Asian,Cluster 2,15.6
Eth7,White British,Cluster 2,50.4
Eth7,White Other,Cluster 2,15.2
Eth7,Black,Cluster 3,7.6
Eth7,Chinese,Cluster 3,0.9
Eth7,Missing,Cluster 3,6.9
Eth7,Mixed,Cluster 3,2.4
Eth7,Other ethnic group,Cluster 3,2.7
Eth7,South Asian,Cluster 3,13.0
Eth7,White British,Cluster 3,57.3
Eth7,White Other,Cluster 3,9.3
Educ6,Another type of qualification,Cluster 0,3.6
Educ6,Level 1 and below,Cluster 0,1.3
Educ6,Level 2 and equivalents,Cluster 0,8.5
Educ6,Level 3 and equivalents,Cluster 0,11.0
Educ6,Level 4 or above,Cluster 0,63.1
Educ6,Missing,Cluster 0,6.7
Educ6,No qualifications,Cluster 0,5.9
Educ6,Another type of qualification,Cluster 1,3.1
Educ6,Level 1 and below,Cluster 1,1.4
Educ6,Level 2 and equivalents,Cluster 1,5.9
Educ6,Level 3 and equivalents,Cluster 1,10.0
Educ6,Level 4 or above,Cluster 1,70.3
Educ6,Missing,Cluster 1,5.9
Educ6,No qualifications,Cluster 1,3.5
Educ6,Another type of qualification,Cluster 2,3.7
Educ6,Level 1 and below,Cluster 2,1.3
Educ6,Level 2 and equivalents,Cluster 2,3.4
Educ6,Level 3 and equivalents,Cluster 2,9.9
Educ6,Level 4 or above,Cluster 2,69.8
Educ6,Missing,Cluster 2,6.0
Educ6,No qualifications,Cluster 2,5.9
Educ6,Another type of qualification,Cluster 3,5.7
Educ6,Level 1 and below,Cluster 3,2.4
Educ6,Level 2 and equivalents,Cluster 3,50.9
Educ6,Level 3 and equivalents,Cluster 3,10.2
Educ6,Level 4 or above,Cluster 3,13.0
Educ6,Missing,Cluster 3,8.4
Educ6,No qualifications,Cluster 3,9.5
NSSEC5,Missing,Cluster 0,8.9
NSSEC5,NS SEC 1-2: Higher social groups,Cluster 0,55.1
NSSEC5,NS SEC 3-5: Middle social groups,Cluster 0,13.4
NSSEC5,NS SEC 6-8: Lower social groups,Cluster 0,9.0
NSSEC5,NS SEC 9: Students and other / unclassified,Cluster 0,13.6
NSSEC5,Missing,Cluster 1,0.0
NSSEC5,NS SEC 1-2: Higher social groups,Cluster 1,74.9
NSSEC5,NS SEC 3-5: Middle social groups,Cluster 1,11.5
NSSEC5,NS SEC 6-8: Lower social groups,Cluster 1,9.3
NSSEC5,NS SEC 9: Students and other / unclassified,Cluster 1,4.3
NSSEC5,Missing,Cluster 2,10.4
NSSEC5,NS SEC 1-2: Higher social groups,Cluster 2,61.7
NSSEC5,NS SEC 3-5: Middle social groups,Cluster 2,10.2
NSSEC5,NS SEC 6-8: Lower social groups,Cluster 2,7.3
NSSEC5,NS SEC 9: Students and other / unclassified,Cluster 2,10.4
NSSEC5,Missing,Cluster 3,3.2
NSSEC5,NS SEC 1-2: Higher social groups,Cluster 3,5.6
NSSEC5,NS SEC 3-5: Middle social groups,Cluster 3,64.4
NSSEC5,NS SEC 6-8: Lower social groups,Cluster 3,14.2
NSSEC5,NS SEC 9: Students and other / unclassified,Cluster 3,12.6
Disab3,Limiting disability,Cluster 0,14.0
Disab3,Missing,Cluster 0,7.7
Disab3,No disability,Cluster 0,65.0
Disab3,Non-limiting disability,Cluster 0,13.3
Disab3,Limiting disability,Cluster 1,14.0
Disab3,Missing,Cluster 1,5.6
Disab3,No disability,Cluster 1,64.2
Disab3,Non-limiting disability,Cluster 1,16.2
Disab3,Limiting disability,Cluster 2,11.1
Disab3,Missing,Cluster 2,6.2
Disab3,No disability,Cluster 2,68.4
Disab3,Non-limiting disability,Cluster 2,14.3
Disab3,Limiting disability,Cluster 3,18.2
Disab3,Missing,Cluster 3,7.2
Disab3,No disability,Cluster 3,60.0
Disab3,Non-limiting disability,Cluster 3,14.5
