,"Coaching /
instructing","Refereeing /
officiating","Organising /
admin","Stewarding /
other support"
White British,4.981321811676025,2.4363110065460205,9.802989959716797,8.372238159179688
White Other,3.8587467670440674,1.5427100658416748,6.6808366775512695,6.61479377746582
Asian,4.4000725746154785,2.4362568855285645,7.011663436889648,6.928799629211426
Black,5.0757575035095215,2.4268105030059814,7.6673760414123535,9.213427543640137
Mixed/Other,4.548554420471191,2.082498550415039,7.672804832458496,7.706327438354492
